{
  "issue_status": {
    "precision": 0.0,
    "recall": 0.0,
    "f1-score": 0.0,
    "support": 4,
    "confused_with": {}
  },
  "issue_number": {
    "precision": 0.9285714285714286,
    "recall": 1.0,
    "f1-score": 0.962962962962963,
    "support": 39,
    "confused_with": {}
  },
  "filename": {
    "precision": 1.0,
    "recall": 0.8,
    "f1-score": 0.888888888888889,
    "support": 5,
    "confused_with": {}
  },
  "micro avg": {
    "precision": 0.9347826086956522,
    "recall": 0.8958333333333334,
    "f1-score": 0.9148936170212766,
    "support": 48
  },
  "macro avg": {
    "precision": 0.6428571428571429,
    "recall": 0.6,
    "f1-score": 0.617283950617284,
    "support": 48
  },
  "weighted avg": {
    "precision": 0.8586309523809524,
    "recall": 0.8958333333333334,
    "f1-score": 0.875,
    "support": 48
  }
}