{
  "issue_status": {
    "precision": 0.6666666666666666,
    "recall": 0.5,
    "f1-score": 0.5714285714285715,
    "support": 4,
    "confused_with": {}
  },
  "issue_number": {
    "precision": 0.9512195121951219,
    "recall": 1.0,
    "f1-score": 0.975,
    "support": 39,
    "confused_with": {}
  },
  "filename": {
    "precision": 1.0,
    "recall": 0.6,
    "f1-score": 0.7499999999999999,
    "support": 5,
    "confused_with": {}
  },
  "micro avg": {
    "precision": 0.9361702127659575,
    "recall": 0.9166666666666666,
    "f1-score": 0.9263157894736843,
    "support": 48
  },
  "macro avg": {
    "precision": 0.8726287262872628,
    "recall": 0.7000000000000001,
    "f1-score": 0.7654761904761904,
    "support": 48
  },
  "weighted avg": {
    "precision": 0.9325880758807586,
    "recall": 0.9166666666666666,
    "f1-score": 0.9179315476190476,
    "support": 48
  }
}