{
  "filename": {
    "precision": 1.0,
    "recall": 1.0,
    "f1-score": 1.0,
    "support": 7,
    "confused_with": {}
  },
  "issue_status": {
    "precision": 0.0,
    "recall": 0.0,
    "f1-score": 0.0,
    "support": 4,
    "confused_with": {}
  },
  "issue_number": {
    "precision": 0.0,
    "recall": 0.0,
    "f1-score": 0.0,
    "support": 49,
    "confused_with": {}
  },
  "micro avg": {
    "precision": 1.0,
    "recall": 0.11666666666666667,
    "f1-score": 0.208955223880597,
    "support": 60
  },
  "macro avg": {
    "precision": 0.3333333333333333,
    "recall": 0.3333333333333333,
    "f1-score": 0.3333333333333333,
    "support": 60
  },
  "weighted avg": {
    "precision": 0.11666666666666667,
    "recall": 0.11666666666666667,
    "f1-score": 0.11666666666666667,
    "support": 60
  }
}