{
  "issue_status": {
    "precision": 0.0,
    "recall": 0.0,
    "f1-score": 0.0,
    "support": 4,
    "confused_with": {}
  },
  "issue_number": {
    "precision": 0.9642857142857143,
    "recall": 1.0,
    "f1-score": 0.9818181818181818,
    "support": 27,
    "confused_with": {}
  },
  "filename": {
    "precision": 1.0,
    "recall": 0.75,
    "f1-score": 0.8571428571428571,
    "support": 4,
    "confused_with": {}
  },
  "micro avg": {
    "precision": 0.967741935483871,
    "recall": 0.8571428571428571,
    "f1-score": 0.909090909090909,
    "support": 35
  },
  "macro avg": {
    "precision": 0.6547619047619048,
    "recall": 0.5833333333333334,
    "f1-score": 0.612987012987013,
    "support": 35
  },
  "weighted avg": {
    "precision": 0.8581632653061224,
    "recall": 0.8571428571428571,
    "f1-score": 0.8553617810760668,
    "support": 35
  }
}