{
  "issue_status": {
    "precision": 1.0,
    "recall": 0.5,
    "f1-score": 0.6666666666666666,
    "support": 4,
    "confused_with": {}
  },
  "issue_number": {
    "precision": 0.9642857142857143,
    "recall": 1.0,
    "f1-score": 0.9818181818181818,
    "support": 27,
    "confused_with": {}
  },
  "filename": {
    "precision": 1.0,
    "recall": 0.5,
    "f1-score": 0.6666666666666666,
    "support": 4,
    "confused_with": {}
  },
  "micro avg": {
    "precision": 0.96875,
    "recall": 0.8857142857142857,
    "f1-score": 0.9253731343283582,
    "support": 35
  },
  "macro avg": {
    "precision": 0.9880952380952381,
    "recall": 0.6666666666666666,
    "f1-score": 0.7717171717171717,
    "support": 35
  },
  "weighted avg": {
    "precision": 0.9724489795918367,
    "recall": 0.8857142857142857,
    "f1-score": 0.9097835497835498,
    "support": 35
  }
}