{
  "issue_status": {
    "precision": 0.45454545454545453,
    "recall": 1.0,
    "f1-score": 0.625,
    "support": 5,
    "confused_with": {}
  },
  "issue_number": {
    "precision": 0.9714285714285714,
    "recall": 1.0,
    "f1-score": 0.9855072463768115,
    "support": 68,
    "confused_with": {}
  },
  "filename": {
    "precision": 1.0,
    "recall": 0.8888888888888888,
    "f1-score": 0.9411764705882353,
    "support": 9,
    "confused_with": {}
  },
  "micro avg": {
    "precision": 0.9101123595505618,
    "recall": 0.9878048780487805,
    "f1-score": 0.9473684210526315,
    "support": 82
  },
  "macro avg": {
    "precision": 0.8086580086580085,
    "recall": 0.9629629629629629,
    "f1-score": 0.850561238988349,
    "support": 82
  },
  "weighted avg": {
    "precision": 0.9430471967057331,
    "recall": 0.9878048780487805,
    "f1-score": 0.958659524255089,
    "support": 82
  }
}