{
  "issue_status": {
    "precision": 0.0,
    "recall": 0.0,
    "f1-score": 0.0,
    "support": 7,
    "confused_with": {}
  },
  "issue_number": {
    "precision": 0.0,
    "recall": 0.0,
    "f1-score": 0.0,
    "support": 79,
    "confused_with": {}
  },
  "filename": {
    "precision": 1.0,
    "recall": 0.9,
    "f1-score": 0.9473684210526316,
    "support": 10,
    "confused_with": {}
  },
  "micro avg": {
    "precision": 1.0,
    "recall": 0.09375,
    "f1-score": 0.17142857142857143,
    "support": 96
  },
  "macro avg": {
    "precision": 0.3333333333333333,
    "recall": 0.3,
    "f1-score": 0.31578947368421056,
    "support": 96
  },
  "weighted avg": {
    "precision": 0.10416666666666667,
    "recall": 0.09375,
    "f1-score": 0.0986842105263158,
    "support": 96
  }
}