{
  "issue_status": {
    "precision": 0.375,
    "recall": 0.8571428571428571,
    "f1-score": 0.5217391304347825,
    "support": 7,
    "confused_with": {}
  },
  "issue_number": {
    "precision": 0.9875,
    "recall": 1.0,
    "f1-score": 0.9937106918238994,
    "support": 79,
    "confused_with": {}
  },
  "filename": {
    "precision": 1.0,
    "recall": 0.6,
    "f1-score": 0.7499999999999999,
    "support": 10,
    "confused_with": {}
  },
  "micro avg": {
    "precision": 0.8921568627450981,
    "recall": 0.9479166666666666,
    "f1-score": 0.9191919191919192,
    "support": 96
  },
  "macro avg": {
    "precision": 0.7875,
    "recall": 0.8190476190476191,
    "f1-score": 0.755149940752894,
    "support": 96
  },
  "weighted avg": {
    "precision": 0.9441406250000001,
    "recall": 0.9479166666666666,
    "f1-score": 0.9339095684076201,
    "support": 96
  }
}