{
  "issue_number": {
    "precision": 0.0,
    "recall": 0.0,
    "f1-score": 0.0,
    "support": 19,
    "confused_with": {}
  },
  "filename": {
    "precision": 1.0,
    "recall": 0.6666666666666666,
    "f1-score": 0.8,
    "support": 3,
    "confused_with": {}
  },
  "issue_status": {
    "precision": 0.0,
    "recall": 0.0,
    "f1-score": 0.0,
    "support": 2,
    "confused_with": {}
  },
  "micro avg": {
    "precision": 1.0,
    "recall": 0.08333333333333333,
    "f1-score": 0.15384615384615385,
    "support": 24
  },
  "macro avg": {
    "precision": 0.3333333333333333,
    "recall": 0.2222222222222222,
    "f1-score": 0.26666666666666666,
    "support": 24
  },
  "weighted avg": {
    "precision": 0.125,
    "recall": 0.08333333333333333,
    "f1-score": 0.10000000000000002,
    "support": 24
  }
}