{
  "issue_number": {
    "precision": 0.95,
    "recall": 1.0,
    "f1-score": 0.9743589743589743,
    "support": 19,
    "confused_with": {}
  },
  "filename": {
    "precision": 1.0,
    "recall": 0.3333333333333333,
    "f1-score": 0.5,
    "support": 3,
    "confused_with": {}
  },
  "issue_status": {
    "precision": 1.0,
    "recall": 1.0,
    "f1-score": 1.0,
    "support": 2,
    "confused_with": {}
  },
  "micro avg": {
    "precision": 0.9565217391304348,
    "recall": 0.9166666666666666,
    "f1-score": 0.9361702127659574,
    "support": 24
  },
  "macro avg": {
    "precision": 0.9833333333333334,
    "recall": 0.7777777777777777,
    "f1-score": 0.8247863247863249,
    "support": 24
  },
  "weighted avg": {
    "precision": 0.9604166666666667,
    "recall": 0.9166666666666666,
    "f1-score": 0.9172008547008547,
    "support": 24
  }
}