{
  "issue_number": {
    "precision": 0.0,
    "recall": 0.0,
    "f1-score": 0.0,
    "support": 88,
    "confused_with": {}
  },
  "filename": {
    "precision": 1.0,
    "recall": 1.0,
    "f1-score": 1.0,
    "support": 12,
    "confused_with": {}
  },
  "issue_status": {
    "precision": 0.0,
    "recall": 0.0,
    "f1-score": 0.0,
    "support": 9,
    "confused_with": {}
  },
  "micro avg": {
    "precision": 1.0,
    "recall": 0.11009174311926606,
    "f1-score": 0.19834710743801653,
    "support": 109
  },
  "macro avg": {
    "precision": 0.3333333333333333,
    "recall": 0.3333333333333333,
    "f1-score": 0.3333333333333333,
    "support": 109
  },
  "weighted avg": {
    "precision": 0.11009174311926606,
    "recall": 0.11009174311926606,
    "f1-score": 0.11009174311926606,
    "support": 109
  }
}