{
  "issue_number": {
    "precision": 0.9887640449438202,
    "recall": 1.0,
    "f1-score": 0.9943502824858756,
    "support": 88,
    "confused_with": {}
  },
  "filename": {
    "precision": 1.0,
    "recall": 0.75,
    "f1-score": 0.8571428571428571,
    "support": 12,
    "confused_with": {}
  },
  "issue_status": {
    "precision": 0.5454545454545454,
    "recall": 0.6666666666666666,
    "f1-score": 0.6,
    "support": 9,
    "confused_with": {}
  },
  "micro avg": {
    "precision": 0.944954128440367,
    "recall": 0.944954128440367,
    "f1-score": 0.944954128440367,
    "support": 109
  },
  "macro avg": {
    "precision": 0.8447395301327886,
    "recall": 0.8055555555555555,
    "f1-score": 0.8171643798762442,
    "support": 109
  },
  "weighted avg": {
    "precision": 0.953397494166487,
    "recall": 0.944954128440367,
    "f1-score": 0.9466838453621225,
    "support": 109
  }
}