{
  "filename": {
    "precision": 1.0,
    "recall": 1.0,
    "f1-score": 1.0,
    "support": 7,
    "confused_with": {}
  },
  "issue_number": {
    "precision": 0.98,
    "recall": 1.0,
    "f1-score": 0.98989898989899,
    "support": 49,
    "confused_with": {}
  },
  "issue_status": {
    "precision": 0.0,
    "recall": 0.0,
    "f1-score": 0.0,
    "support": 4,
    "confused_with": {}
  },
  "micro avg": {
    "precision": 0.9824561403508771,
    "recall": 0.9333333333333333,
    "f1-score": 0.9572649572649572,
    "support": 60
  },
  "macro avg": {
    "precision": 0.66,
    "recall": 0.6666666666666666,
    "f1-score": 0.6632996632996634,
    "support": 60
  },
  "weighted avg": {
    "precision": 0.9169999999999999,
    "recall": 0.9333333333333333,
    "f1-score": 0.9250841750841751,
    "support": 60
  }
}