{
  "filename": {
    "precision": 1.0,
    "recall": 0.7142857142857143,
    "f1-score": 0.8333333333333333,
    "support": 7,
    "confused_with": {}
  },
  "issue_number": {
    "precision": 1.0,
    "recall": 1.0,
    "f1-score": 1.0,
    "support": 49,
    "confused_with": {}
  },
  "issue_status": {
    "precision": 0.5,
    "recall": 0.25,
    "f1-score": 0.3333333333333333,
    "support": 4,
    "confused_with": {}
  },
  "micro avg": {
    "precision": 0.9821428571428571,
    "recall": 0.9166666666666666,
    "f1-score": 0.9482758620689654,
    "support": 60
  },
  "macro avg": {
    "precision": 0.8333333333333334,
    "recall": 0.6547619047619048,
    "f1-score": 0.7222222222222222,
    "support": 60
  },
  "weighted avg": {
    "precision": 0.9666666666666667,
    "recall": 0.9166666666666666,
    "f1-score": 0.9361111111111112,
    "support": 60
  }
}