{
  "issue_status": {
    "precision": 0.0,
    "recall": 0.0,
    "f1-score": 0.0,
    "support": 5,
    "confused_with": {}
  },
  "filename": {
    "precision": 1.0,
    "recall": 0.8888888888888888,
    "f1-score": 0.9411764705882353,
    "support": 9,
    "confused_with": {}
  },
  "issue_number": {
    "precision": 0.0,
    "recall": 0.0,
    "f1-score": 0.0,
    "support": 68,
    "confused_with": {}
  },
  "micro avg": {
    "precision": 1.0,
    "recall": 0.0975609756097561,
    "f1-score": 0.17777777777777776,
    "support": 82
  },
  "macro avg": {
    "precision": 0.3333333333333333,
    "recall": 0.2962962962962963,
    "f1-score": 0.3137254901960784,
    "support": 82
  },
  "weighted avg": {
    "precision": 0.10975609756097561,
    "recall": 0.0975609756097561,
    "f1-score": 0.10329985652797705,
    "support": 82
  }
}