{
  "issue_status": {
    "precision": 0.375,
    "recall": 0.6,
    "f1-score": 0.4615384615384615,
    "support": 5,
    "confused_with": {}
  },
  "filename": {
    "precision": 1.0,
    "recall": 0.8888888888888888,
    "f1-score": 0.9411764705882353,
    "support": 9,
    "confused_with": {}
  },
  "issue_number": {
    "precision": 0.9855072463768116,
    "recall": 1.0,
    "f1-score": 0.9927007299270074,
    "support": 68,
    "confused_with": {}
  },
  "micro avg": {
    "precision": 0.9294117647058824,
    "recall": 0.9634146341463414,
    "f1-score": 0.9461077844311377,
    "support": 82
  },
  "macro avg": {
    "precision": 0.7868357487922705,
    "recall": 0.8296296296296296,
    "f1-score": 0.7984718873512348,
    "support": 82
  },
  "weighted avg": {
    "precision": 0.9498718628490632,
    "recall": 0.9634146341463414,
    "f1-score": 0.9546576850978407,
    "support": 82
  }
}