{
  "filename": {
    "precision": 1.0,
    "recall": 0.75,
    "f1-score": 0.8571428571428571,
    "support": 12,
    "confused_with": {}
  },
  "issue_number": {
    "precision": 0.967032967032967,
    "recall": 1.0,
    "f1-score": 0.9832402234636871,
    "support": 88,
    "confused_with": {}
  },
  "issue_status": {
    "precision": 0.0,
    "recall": 0.0,
    "f1-score": 0.0,
    "support": 9,
    "confused_with": {}
  },
  "micro avg": {
    "precision": 0.97,
    "recall": 0.8899082568807339,
    "f1-score": 0.9282296650717704,
    "support": 109
  },
  "macro avg": {
    "precision": 0.6556776556776557,
    "recall": 0.5833333333333334,
    "f1-score": 0.6134610268688481,
    "support": 109
  },
  "weighted avg": {
    "precision": 0.8908156064119367,
    "recall": 0.8899082568807339,
    "f1-score": 0.8881729720231077,
    "support": 109
  }
}