{
  "filename": {
    "precision": 1.0,
    "recall": 0.16666666666666666,
    "f1-score": 0.2857142857142857,
    "support": 12,
    "confused_with": {}
  },
  "issue_number": {
    "precision": 0.9887640449438202,
    "recall": 1.0,
    "f1-score": 0.9943502824858756,
    "support": 88,
    "confused_with": {}
  },
  "issue_status": {
    "precision": 0.0,
    "recall": 0.0,
    "f1-score": 0.0,
    "support": 9,
    "confused_with": {}
  },
  "micro avg": {
    "precision": 0.989010989010989,
    "recall": 0.8256880733944955,
    "f1-score": 0.9000000000000001,
    "support": 109
  },
  "macro avg": {
    "precision": 0.6629213483146067,
    "recall": 0.3888888888888889,
    "f1-score": 0.4266881894000538,
    "support": 109
  },
  "weighted avg": {
    "precision": 0.9083599628904236,
    "recall": 0.8256880733944955,
    "f1-score": 0.8342329934617292,
    "support": 109
  }
}