{
  "issue_status": {
    "precision": 0.0,
    "recall": 0.0,
    "f1-score": 0.0,
    "support": 7,
    "confused_with": {}
  },
  "filename": {
    "precision": 1.0,
    "recall": 0.75,
    "f1-score": 0.8571428571428571,
    "support": 12,
    "confused_with": {}
  },
  "issue_number": {
    "precision": 0.9866666666666667,
    "recall": 0.8409090909090909,
    "f1-score": 0.9079754601226994,
    "support": 88,
    "confused_with": {}
  },
  "micro avg": {
    "precision": 0.9880952380952381,
    "recall": 0.7757009345794392,
    "f1-score": 0.8691099476439791,
    "support": 107
  },
  "macro avg": {
    "precision": 0.6622222222222223,
    "recall": 0.5303030303030303,
    "f1-score": 0.5883727724218522,
    "support": 107
  },
  "weighted avg": {
    "precision": 0.923613707165109,
    "recall": 0.7757009345794392,
    "f1-score": 0.842874343705718,
    "support": 107
  }
}