{
  "issue_status": {
    "precision": 0.25,
    "recall": 0.42857142857142855,
    "f1-score": 0.3157894736842105,
    "support": 7,
    "confused_with": {}
  },
  "filename": {
    "precision": 1.0,
    "recall": 0.3333333333333333,
    "f1-score": 0.5,
    "support": 12,
    "confused_with": {}
  },
  "issue_number": {
    "precision": 0.9887640449438202,
    "recall": 1.0,
    "f1-score": 0.9943502824858756,
    "support": 88,
    "confused_with": {}
  },
  "micro avg": {
    "precision": 0.9047619047619048,
    "recall": 0.8878504672897196,
    "f1-score": 0.8962264150943396,
    "support": 107
  },
  "macro avg": {
    "precision": 0.74625468164794,
    "recall": 0.5873015873015873,
    "f1-score": 0.603379918723362,
    "support": 107
  },
  "weighted avg": {
    "precision": 0.9416937939724876,
    "recall": 0.8878504672897196,
    "f1-score": 0.8945173006966964,
    "support": 107
  }
}