{
  "filename": {
    "precision": 1.0,
    "recall": 0.5555555555555556,
    "f1-score": 0.7142857142857143,
    "support": 9,
    "confused_with": {}
  },
  "issue_status": {
    "precision": 0.0,
    "recall": 0.0,
    "f1-score": 0.0,
    "support": 5,
    "confused_with": {}
  },
  "issue_number": {
    "precision": 0.9714285714285714,
    "recall": 1.0,
    "f1-score": 0.9855072463768115,
    "support": 68,
    "confused_with": {}
  },
  "micro avg": {
    "precision": 0.9733333333333334,
    "recall": 0.8902439024390244,
    "f1-score": 0.9299363057324841,
    "support": 82
  },
  "macro avg": {
    "precision": 0.6571428571428571,
    "recall": 0.5185185185185185,
    "f1-score": 0.5665976535541754,
    "support": 82
  },
  "weighted avg": {
    "precision": 0.9153310104529616,
    "recall": 0.8902439024390244,
    "f1-score": 0.8956471241731051,
    "support": 82
  }
}