{
  "filename": {
    "precision": 1.0,
    "recall": 0.6666666666666666,
    "f1-score": 0.8,
    "support": 9,
    "confused_with": {}
  },
  "issue_status": {
    "precision": 0.5,
    "recall": 0.2,
    "f1-score": 0.28571428571428575,
    "support": 5,
    "confused_with": {}
  },
  "issue_number": {
    "precision": 0.9855072463768116,
    "recall": 1.0,
    "f1-score": 0.9927007299270074,
    "support": 68,
    "confused_with": {}
  },
  "micro avg": {
    "precision": 0.974025974025974,
    "recall": 0.9146341463414634,
    "f1-score": 0.9433962264150942,
    "support": 82
  },
  "macro avg": {
    "precision": 0.8285024154589372,
    "recall": 0.6222222222222222,
    "f1-score": 0.6928050052137644,
    "support": 82
  },
  "weighted avg": {
    "precision": 0.9574938140685755,
    "recall": 0.9146341463414634,
    "f1-score": 0.9284417202879017,
    "support": 82
  }
}