{
  "issue_status": {
    "precision": 0.0,
    "recall": 0.0,
    "f1-score": 0.0,
    "support": 2,
    "confused_with": {}
  },
  "filename": {
    "precision": 0.5,
    "recall": 0.5,
    "f1-score": 0.5,
    "support": 2,
    "confused_with": {}
  },
  "issue_number": {
    "precision": 0.0,
    "recall": 0.0,
    "f1-score": 0.0,
    "support": 15,
    "confused_with": {}
  },
  "micro avg": {
    "precision": 0.5,
    "recall": 0.05263157894736842,
    "f1-score": 0.09523809523809525,
    "support": 19
  },
  "macro avg": {
    "precision": 0.16666666666666666,
    "recall": 0.16666666666666666,
    "f1-score": 0.16666666666666666,
    "support": 19
  },
  "weighted avg": {
    "precision": 0.05263157894736842,
    "recall": 0.05263157894736842,
    "f1-score": 0.05263157894736842,
    "support": 19
  }
}