{
  "filename": {
    "precision": 0.8,
    "recall": 0.8,
    "f1-score": 0.8000000000000002,
    "support": 5,
    "confused_with": {}
  },
  "issue_status": {
    "precision": 0.0,
    "recall": 0.0,
    "f1-score": 0.0,
    "support": 4,
    "confused_with": {}
  },
  "issue_number": {
    "precision": 0.0,
    "recall": 0.0,
    "f1-score": 0.0,
    "support": 39,
    "confused_with": {}
  },
  "micro avg": {
    "precision": 0.8,
    "recall": 0.08333333333333333,
    "f1-score": 0.1509433962264151,
    "support": 48
  },
  "macro avg": {
    "precision": 0.26666666666666666,
    "recall": 0.26666666666666666,
    "f1-score": 0.2666666666666667,
    "support": 48
  },
  "weighted avg": {
    "precision": 0.08333333333333333,
    "recall": 0.08333333333333333,
    "f1-score": 0.08333333333333336,
    "support": 48
  }
}