{
  "filename": {
    "precision": 1.0,
    "recall": 0.6,
    "f1-score": 0.7499999999999999,
    "support": 5,
    "confused_with": {}
  },
  "issue_status": {
    "precision": 1.0,
    "recall": 0.5,
    "f1-score": 0.6666666666666666,
    "support": 4,
    "confused_with": {}
  },
  "issue_number": {
    "precision": 0.9512195121951219,
    "recall": 1.0,
    "f1-score": 0.975,
    "support": 39,
    "confused_with": {}
  },
  "micro avg": {
    "precision": 0.9565217391304348,
    "recall": 0.9166666666666666,
    "f1-score": 0.9361702127659574,
    "support": 48
  },
  "macro avg": {
    "precision": 0.983739837398374,
    "recall": 0.7000000000000001,
    "f1-score": 0.7972222222222222,
    "support": 48
  },
  "weighted avg": {
    "precision": 0.9603658536585366,
    "recall": 0.9166666666666666,
    "f1-score": 0.9258680555555555,
    "support": 48
  }
}