{
  "issue_number": {
    "precision": 0.9875,
    "recall": 1.0,
    "f1-score": 0.9937106918238994,
    "support": 79,
    "confused_with": {}
  },
  "issue_status": {
    "precision": 0.0,
    "recall": 0.0,
    "f1-score": 0.0,
    "support": 7,
    "confused_with": {}
  },
  "filename": {
    "precision": 1.0,
    "recall": 0.8,
    "f1-score": 0.888888888888889,
    "support": 10,
    "confused_with": {}
  },
  "micro avg": {
    "precision": 0.9886363636363636,
    "recall": 0.90625,
    "f1-score": 0.9456521739130435,
    "support": 96
  },
  "macro avg": {
    "precision": 0.6625,
    "recall": 0.6,
    "f1-score": 0.6275331935709295,
    "support": 96
  },
  "weighted avg": {
    "precision": 0.9167968750000001,
    "recall": 0.90625,
    "f1-score": 0.910333682739343,
    "support": 96
  }
}