{
  "issue_number": {
    "precision": 0.9875,
    "recall": 1.0,
    "f1-score": 0.9937106918238994,
    "support": 79,
    "confused_with": {}
  },
  "issue_status": {
    "precision": 0.0,
    "recall": 0.0,
    "f1-score": 0.0,
    "support": 7,
    "confused_with": {}
  },
  "filename": {
    "precision": 1.0,
    "recall": 0.2,
    "f1-score": 0.33333333333333337,
    "support": 10,
    "confused_with": {}
  },
  "micro avg": {
    "precision": 0.9878048780487805,
    "recall": 0.84375,
    "f1-score": 0.9101123595505618,
    "support": 96
  },
  "macro avg": {
    "precision": 0.6625,
    "recall": 0.39999999999999997,
    "f1-score": 0.44234800838574423,
    "support": 96
  },
  "weighted avg": {
    "precision": 0.9167968750000001,
    "recall": 0.84375,
    "f1-score": 0.8524633123689727,
    "support": 96
  }
}