{
  "issue_number": {
    "precision": 0.0,
    "recall": 0.0,
    "f1-score": 0.0,
    "support": 27,
    "confused_with": {}
  },
  "issue_status": {
    "precision": 0.0,
    "recall": 0.0,
    "f1-score": 0.0,
    "support": 4,
    "confused_with": {}
  },
  "filename": {
    "precision": 1.0,
    "recall": 0.75,
    "f1-score": 0.8571428571428571,
    "support": 4,
    "confused_with": {}
  },
  "micro avg": {
    "precision": 1.0,
    "recall": 0.08571428571428572,
    "f1-score": 0.15789473684210528,
    "support": 35
  },
  "macro avg": {
    "precision": 0.3333333333333333,
    "recall": 0.25,
    "f1-score": 0.2857142857142857,
    "support": 35
  },
  "weighted avg": {
    "precision": 0.11428571428571428,
    "recall": 0.08571428571428572,
    "f1-score": 0.09795918367346938,
    "support": 35
  }
}