{
  "issue_number": {
    "precision": 0.9642857142857143,
    "recall": 1.0,
    "f1-score": 0.9818181818181818,
    "support": 27,
    "confused_with": {}
  },
  "issue_status": {
    "precision": 0.6666666666666666,
    "recall": 1.0,
    "f1-score": 0.8,
    "support": 4,
    "confused_with": {}
  },
  "filename": {
    "precision": 1.0,
    "recall": 0.5,
    "f1-score": 0.6666666666666666,
    "support": 4,
    "confused_with": {}
  },
  "micro avg": {
    "precision": 0.9166666666666666,
    "recall": 0.9428571428571428,
    "f1-score": 0.9295774647887323,
    "support": 35
  },
  "macro avg": {
    "precision": 0.876984126984127,
    "recall": 0.8333333333333334,
    "f1-score": 0.8161616161616161,
    "support": 35
  },
  "weighted avg": {
    "precision": 0.9343537414965986,
    "recall": 0.9428571428571428,
    "f1-score": 0.925021645021645,
    "support": 35
  }
}