{
  "issue_number": {
    "precision": 0.95,
    "recall": 1.0,
    "f1-score": 0.9743589743589743,
    "support": 19,
    "confused_with": {}
  },
  "issue_status": {
    "precision": 0.0,
    "recall": 0.0,
    "f1-score": 0.0,
    "support": 2,
    "confused_with": {}
  },
  "filename": {
    "precision": 1.0,
    "recall": 0.6666666666666666,
    "f1-score": 0.8,
    "support": 3,
    "confused_with": {}
  },
  "micro avg": {
    "precision": 0.9545454545454546,
    "recall": 0.875,
    "f1-score": 0.9130434782608695,
    "support": 24
  },
  "macro avg": {
    "precision": 0.65,
    "recall": 0.5555555555555555,
    "f1-score": 0.5914529914529915,
    "support": 24
  },
  "weighted avg": {
    "precision": 0.8770833333333333,
    "recall": 0.875,
    "f1-score": 0.8713675213675213,
    "support": 24
  }
}