{
  "issue_number": {
    "precision": 0.8823529411764706,
    "recall": 1.0,
    "f1-score": 0.9375,
    "support": 15,
    "confused_with": {}
  },
  "filename": {
    "precision": 1.0,
    "recall": 0.5,
    "f1-score": 0.6666666666666666,
    "support": 2,
    "confused_with": {}
  },
  "issue_status": {
    "precision": 0.0,
    "recall": 0.0,
    "f1-score": 0.0,
    "support": 2,
    "confused_with": {}
  },
  "micro avg": {
    "precision": 0.8888888888888888,
    "recall": 0.8421052631578947,
    "f1-score": 0.8648648648648649,
    "support": 19
  },
  "macro avg": {
    "precision": 0.6274509803921569,
    "recall": 0.5,
    "f1-score": 0.5347222222222222,
    "support": 19
  },
  "weighted avg": {
    "precision": 0.8018575851393188,
    "recall": 0.8421052631578947,
    "f1-score": 0.8103070175438597,
    "support": 19
  }
}