{
  "issue_number": {
    "precision": 0.8823529411764706,
    "recall": 1.0,
    "f1-score": 0.9375,
    "support": 15,
    "confused_with": {}
  },
  "filename": {
    "precision": 1.0,
    "recall": 0.5,
    "f1-score": 0.6666666666666666,
    "support": 2,
    "confused_with": {}
  },
  "issue_status": {
    "precision": 1.0,
    "recall": 1.0,
    "f1-score": 1.0,
    "support": 2,
    "confused_with": {}
  },
  "micro avg": {
    "precision": 0.9,
    "recall": 0.9473684210526315,
    "f1-score": 0.9230769230769231,
    "support": 19
  },
  "macro avg": {
    "precision": 0.9607843137254902,
    "recall": 0.8333333333333334,
    "f1-score": 0.8680555555555555,
    "support": 19
  },
  "weighted avg": {
    "precision": 0.9071207430340557,
    "recall": 0.9473684210526315,
    "f1-score": 0.9155701754385966,
    "support": 19
  }
}