{
  "issue_number": {
    "precision": 0.9508196721311475,
    "recall": 1.0,
    "f1-score": 0.9747899159663865,
    "support": 58,
    "confused_with": {}
  },
  "issue_status": {
    "precision": 0.0,
    "recall": 0.0,
    "f1-score": 0.0,
    "support": 7,
    "confused_with": {}
  },
  "filename": {
    "precision": 1.0,
    "recall": 0.75,
    "f1-score": 0.8571428571428571,
    "support": 8,
    "confused_with": {}
  },
  "micro avg": {
    "precision": 0.9552238805970149,
    "recall": 0.8767123287671232,
    "f1-score": 0.9142857142857143,
    "support": 73
  },
  "macro avg": {
    "precision": 0.6502732240437158,
    "recall": 0.5833333333333334,
    "f1-score": 0.6106442577030812,
    "support": 73
  },
  "weighted avg": {
    "precision": 0.8650348079946103,
    "recall": 0.8767123287671232,
    "f1-score": 0.8684240819615516,
    "support": 73
  }
}