{
  "issue_number": {
    "precision": 0.9830508474576272,
    "recall": 1.0,
    "f1-score": 0.9914529914529915,
    "support": 58,
    "confused_with": {}
  },
  "issue_status": {
    "precision": 1.0,
    "recall": 0.14285714285714285,
    "f1-score": 0.25,
    "support": 7,
    "confused_with": {}
  },
  "filename": {
    "precision": 1.0,
    "recall": 0.375,
    "f1-score": 0.5454545454545454,
    "support": 8,
    "confused_with": {}
  },
  "micro avg": {
    "precision": 0.9841269841269841,
    "recall": 0.8493150684931506,
    "f1-score": 0.9117647058823529,
    "support": 73
  },
  "macro avg": {
    "precision": 0.9943502824858758,
    "recall": 0.5059523809523809,
    "f1-score": 0.5956358456358456,
    "support": 73
  },
  "weighted avg": {
    "precision": 0.9865335500348269,
    "recall": 0.8493150684931506,
    "f1-score": 0.8714782173686284,
    "support": 73
  }
}