{
  "filename": {
    "precision": 0.8888888888888888,
    "recall": 1.0,
    "f1-score": 0.9411764705882353,
    "support": 8,
    "confused_with": {}
  },
  "issue_number": {
    "precision": 0.0,
    "recall": 0.0,
    "f1-score": 0.0,
    "support": 58,
    "confused_with": {}
  },
  "issue_status": {
    "precision": 0.0,
    "recall": 0.0,
    "f1-score": 0.0,
    "support": 7,
    "confused_with": {}
  },
  "micro avg": {
    "precision": 0.8888888888888888,
    "recall": 0.1095890410958904,
    "f1-score": 0.1951219512195122,
    "support": 73
  },
  "macro avg": {
    "precision": 0.2962962962962963,
    "recall": 0.3333333333333333,
    "f1-score": 0.3137254901960784,
    "support": 73
  },
  "weighted avg": {
    "precision": 0.0974124809741248,
    "recall": 0.1095890410958904,
    "f1-score": 0.1031426269137792,
    "support": 73
  }
}