{
  "filename": {
    "precision": 1.0,
    "recall": 0.5,
    "f1-score": 0.6666666666666666,
    "support": 8,
    "confused_with": {}
  },
  "issue_number": {
    "precision": 0.9830508474576272,
    "recall": 1.0,
    "f1-score": 0.9914529914529915,
    "support": 58,
    "confused_with": {}
  },
  "issue_status": {
    "precision": 0.5,
    "recall": 1.0,
    "f1-score": 0.6666666666666666,
    "support": 7,
    "confused_with": {}
  },
  "micro avg": {
    "precision": 0.8961038961038961,
    "recall": 0.9452054794520548,
    "f1-score": 0.9199999999999999,
    "support": 73
  },
  "macro avg": {
    "precision": 0.827683615819209,
    "recall": 0.8333333333333334,
    "f1-score": 0.7749287749287749,
    "support": 73
  },
  "weighted avg": {
    "precision": 0.9385883445553749,
    "recall": 0.9452054794520548,
    "f1-score": 0.924716075401007,
    "support": 73
  }
}